id,ans
1,1446
2,1499
3,5127
4,291
5,7867
6,4316
7,2522
8,78
9,3376
10,1634
11,4577
12,10010
13,9685
14,2930
15,9456
16,5235
17,4717
18,499
19,6718
20,7318
21,9023
22,9730
23,1175
24,1686
25,3404
26,6353
27,2819
28,6421
29,6134
30,3569
31,4161
32,3522
33,4554
34,5748
35,5225
36,8939
37,4908
38,7195
39,8089
40,7406
41,2235
42,467
43,9297
44,4936
45,981
46,8693
47,8942
48,3706
49,3130
50,3845
51,2761
52,5479
53,951
54,1672
55,2483
56,6136
57,3808
58,3862
59,2086
60,7755
61,7348
62,10044
63,1996
64,5479
65,3184
66,7719
67,2996
68,5765
69,5702
70,8618
71,10156
72,4151
73,10047
74,1092
75,7443
76,6314
77,8278
78,8393
79,2235
80,7261
81,9098
82,8028
83,9712
84,2221
85,1496
86,8742
87,10086
88,3706
89,417
90,10093
91,8847
92,9123
93,6200
94,1885
95,3504
96,5489
97,9211
98,3941
99,5042
100,5187
101,9014
102,2914
103,2930
104,4944
105,3705
106,9315
107,4527
108,6633
109,4225
110,1903
111,9730
112,7883
113,6997
114,7371
115,6407
116,5897
117,2579
118,8825
119,7271
120,8974
121,3504
122,6159
123,2015
124,5189
125,4887
126,8803
127,5696
128,6200
129,4135
130,2156
131,8788
132,4988
133,5234
134,7348
135,5982
136,1446
137,8944
138,6200
139,7424
140,4782
141,3119
142,4256
143,2880
144,1023
145,5452
146,7756
147,8826
148,8446
149,1050
150,5198
151,9031
152,2111
153,301
154,6288
155,6298
156,7367
157,1862
158,4338
159,7158
160,8501
161,3862
162,8827
163,2529
164,4210
165,4637
166,9926
167,5247
168,2221
169,7867
170,3067
171,1574
172,2309
173,289
174,2219
175,3875
176,3697
177,10117
178,1224
179,6368
180,8956
181,7317
182,9187
183,5008
184,9918
185,4143
186,4852
187,9213
188,4741
189,3730
190,1689
191,10174
192,494
193,3175
194,25
195,4028
196,5234
197,9818
198,7265
199,1984
200,6394
201,5382
202,2084
203,2819
204,7346
205,6936
206,8500
207,2055
208,9091
209,7569
210,8632
211,6066
212,1389
213,4424
214,2507
215,4975
216,6955
217,7867
218,3017
219,1180
220,3911
221,10077
222,6483
223,4832
224,4151
225,8632
226,1373
227,4811
228,8717
229,47
230,4950
231,2972
232,6682
233,3212
234,4625
235,5638
236,8682
237,7294
238,1648
239,7237
240,3135
241,8470
242,4710
243,4251
244,3035
245,7133
246,6400
247,1448
248,5581
249,4924
250,3981
251,6558
252,4562
253,4220
254,4393
255,1356
256,371
257,1382
258,8761
259,4410
260,6705
261,1634
262,5760
263,2611
264,5581
265,8776
266,10160
267,4487
268,8563
269,3846
270,3051
271,9150
272,6232
273,8511
274,2141
275,5235
276,6691
277,1059
278,1180
279,6418
280,6876
281,4600
282,6166
283,78
284,2240
285,9758
286,1698
287,4874
288,3231
289,4609
290,8278
291,6583
292,1535
293,6147
294,10032
295,6995
296,4244
297,8942
298,1035
299,9693
300,5581
301,5293
302,10014
303,2820
304,5221
305,4672
306,8208
307,3336
308,3641
309,6718
310,5147
311,4126
312,10016
313,997
314,1297
315,6681
316,7067
317,1474
318,5126
319,1170
320,4153
321,7449
322,2243
323,6280
324,4805
325,1691
326,4975
327,6851
328,1149
329,3010
330,7222
331,6320
332,4609
333,495
334,403
335,6214
336,9194
337,8393
338,9850
339,5509
340,1581
341,3959
342,7719
343,5353
344,5126
345,1601
346,9065
347,7233
348,1371
349,8812
350,3449
351,2819
352,9162
353,6232
354,5344
355,3980
356,6134
357,5703
358,1303
359,1810
360,7003
361,8385
362,25
363,7641
364,4876
365,2314
366,2534
367,1549
368,1951
369,6672
370,1839
371,5609
372,3051
373,7003
374,8939
375,8974
376,4671
377,5147
378,4852
379,8672
380,9246
381,5181
382,5133
383,1275
384,987
385,2120
386,8618
387,6995
388,7066
389,10085
390,1840
391,10130
392,6076
393,348
394,5450
395,3911
396,958
397,3625
398,3022
399,1537
400,4304
401,600
402,4221
403,1996
404,2101
405,8415
406,6044
407,10055
408,6042
409,8817
410,5131
411,8910
412,5125
413,447
414,7460
415,7238
416,5020
417,7796
418,4209
419,1362
420,3620
421,676
422,6355
423,3329
424,2870
425,7673
426,8876
427,9601
428,2180
429,4562
430,2309
431,5221
432,7256
433,2813
434,7360
435,1580
436,8847
437,3404
438,1089
439,7384
440,9156
441,6136
442,3477
443,871
444,4884
445,3847
446,2758
447,1672
448,7866
449,4219
450,7271
451,7924
452,5350
453,1996
454,9705
455,31
456,2996
457,4872
458,3625
459,8626
460,6714
461,8942
462,8964
463,21
464,9456
465,8275
466,5088
467,1585
468,6802
469,7569
470,844
471,5539
472,6301
473,3862
474,8614
475,6005
476,8701
477,5226
478,2831
479,3994
480,8820
481,5750
482,4782
483,8933
484,5303
485,1691
486,10033
487,10096
488,2061
489,8847
490,8761
491,2296
492,9024
493,5582
494,2303
495,2819
496,1757
497,5770
498,2761
499,8971
500,8779
501,992
502,6288
503,5715
504,2101
505,8850
506,122
507,6914
508,5416
509,7443
510,8278
511,1903
512,4126
513,10010
514,5479
515,8032
516,5122
517,3788
518,1382
519,5760
520,801
521,6648
522,4027
523,9024
524,2125
525,7013
526,742
527,6556
528,8072
529,8987
530,9841
531,6864
532,4247
533,10087
534,4151
535,5428
536,3280
537,4126
538,10000
539,2006
540,3587
541,4876
542,9850
543,7244
544,1335
545,9277
546,8692
547,4884
548,5537
549,8393
550,7408
551,4035
552,1228
553,496
554,7158
555,3090
556,6314
557,8972
558,1560
559,6928
560,5370
561,3364
562,2791
563,2249
564,973
565,6411
566,4462
567,7240
568,2580
569,4920
570,2937
571,8916
572,5287
573,4547
574,4436
575,8879
576,5663
577,4304
578,8440
579,8939
580,9156
581,9926
582,5198
583,9789
584,7716
585,199
586,1991
587,2242
588,5046
589,3389
590,4905
591,1151
592,5101
593,7336
594,1488
595,1686
596,9687
597,8705
598,2612
599,6087
600,8817
601,8712
602,2134
603,1281
604,4151
605,4431
606,2897
607,10047
608,2952
609,6181
610,5911
611,7353
612,9054
613,9168
614,5131
615,8286
616,6043
617,9090
618,6335
619,8785
620,9013
621,3325
622,9984
623,9206
624,3835
625,3357
626,8960
627,5321
628,567
629,5187
630,4652
631,993
632,1714
633,2537
634,5235
635,2443
636,9151
637,4197
638,6087
639,5340
640,3875
641,3760
642,7367
643,4138
644,3751
645,10082
646,4251
647,8726
648,291
649,9031
650,7004
651,10055
652,4808
653,10029
654,8847
655,6695
656,1649
657,3895
658,9057
659,10156
660,1170
661,9056
662,9041
663,4652
664,5225
665,6282
666,6424
667,4884
668,8630
669,3699
670,4992
671,2613
672,4543
673,6290
674,4652
675,6543
676,4048
677,10029
678,2295
679,8430
680,3043
681,8365
682,1873
683,4268
684,5145
685,4795
686,2808
687,8942
688,5544
689,2534
690,4941
691,8868
692,3912
693,305
694,8942
695,8770
696,1297
697,5489
698,2083
699,2433
700,5512
701,3014
702,1993
703,7424
704,6296
705,6044
706,2805
707,1034
708,3022
709,8834
710,6282
711,2461
712,3119
713,5704
714,534
715,9646
716,9011
717,5126
718,5041
719,9731
720,4286
721,6263
722,7426
723,8910
724,2120
725,8827
726,8551
727,1646
728,6267
729,8944
730,3449
731,3719
732,3795
733,3294
734,1639
735,2110
736,8974
737,10173
738,2026
739,4219
740,1471
741,6207
742,5202
743,7460
744,4219
745,2231
746,8390
747,3207
748,10014
749,2406
750,8942
751,2570
752,1696
753,8529
754,5274
755,3912
756,9166
757,9917
758,10111
759,9179
760,2883
761,8856
762,7932
763,1840
764,9245
765,7632
766,6562
767,6806
768,10156
769,2017
770,6704
771,7924
772,3047
773,4472
774,8856
775,6952
776,8812
777,1153
778,8518
779,1011
780,5578
781,8679
782,7124
783,2790
784,8954
785,4150
786,3118
787,3714
788,10132
789,5139
790,5539
791,1566
792,7320
793,5200
794,4261
795,8392
796,951
797,9047
798,5706
799,3356
800,6266
801,4114
802,9950
803,3356
804,1423
805,9720
806,3817
807,8707
808,4860
809,1187
810,6330
811,1840
812,6081
813,1840
814,4245
815,5370
816,9023
817,7349
818,6999
819,1279
820,8832
821,1725
822,3175
823,4558
824,2613
825,5326
826,6411
827,9950
828,1033
829,5320
830,5153
831,6207
832,2141
833,3706
834,4941
835,1359
836,7360
837,5096
838,4953
839,9935
840,17
841,3957
842,9720
843,1591
844,9206
845,8747
846,3719
847,6088
848,8832
849,5195
850,6583
851,1994
852,10032
853,8672
854,6417
855,2483
856,1382
857,2334
858,6110
859,5921
860,6266
861,7127
862,6624
863,8376
864,4292
865,9315
866,3835
867,1517
868,2761
869,8642
870,6136
871,6751
872,6155
873,3407
874,4099
875,6340
876,4407
877,10135
878,3413
879,4741
880,4487
881,8679
882,1885
883,4554
884,5207
885,3167
886,7725
887,1903
888,2309
889,6876
890,353
891,1725
892,3986
893,6316
894,5423
895,600
896,2509
897,6719
898,1990
899,9028
900,3431
901,4263
902,8664
903,5007
904,1686
905,2243
906,2084
907,4498
908,2314
909,3324
910,8112
911,6811
912,2019
913,8195
914,6461
915,147
916,4598
917,9950
918,7361
919,6112
920,3542
921,2445
922,2483
923,4352
924,4988
925,5510
926,8833
927,8946
928,5469
929,4650
930,10003
931,6012
932,6696
933,6548
934,2520
935,10130
936,6789
937,5007
938,10167
939,7222
940,1231
941,8867
942,9923
943,15
944,567
945,1481
946,4959
947,8313
948,5223
949,5239
950,1565
951,6683
952,2240
953,4561
954,2279
955,3316
956,7443
957,449
958,3364
959,997
960,3714
961,5474
962,8597
963,5018
964,2507
965,8942
966,4316
967,6198
968,10167
969,3524
970,5428
971,3413
972,1691
973,1624
974,8721
975,9065
976,1854
977,1297
978,7178
979,1585
980,8393
981,4664
982,5780
983,5101
984,2011
985,6997
986,4795
987,3198
988,6359
989,8989
990,5365
991,9924
992,8887
993,8626
994,4962
995,3017
996,2883
997,3198
998,7392
999,8723
1000,6704
1001,10003
1002,4054
1003,4448
1004,4355
1005,5365
1006,5551
1007,5028
1008,1840
1009,4080
1010,4252
1011,9924
1012,3022
1013,6411
1014,5139
1015,8954
1016,481
1017,6077
1018,5272
1019,9057
1020,9821
1021,5431
1022,1844
1023,4154
1024,7075
1025,8469
1026,1607
1027,6574
1028,6995
1029,1250
1030,6355
1031,1103
1032,8529
1033,5452
1034,1810
1035,5283
1036,8420
1037,7228
1038,7361
1039,4162
1040,3575
1041,5238
1042,4577
1043,4652
1044,8151
1045,2425
1046,9057
1047,1089
1048,5427
1049,3664
1050,1201
1051,6322
1052,4944
1053,3028
1054,4472
1055,5786
1056,1624
1057,2150
1058,1960
1059,2124
1060,9152
1061,3304
1062,5207
1063,6198
1064,1649
1065,4741
1066,2180
1067,7409
1068,3643
1069,2791
1070,5784
1071,6650
1072,6986
1073,404
1074,8028
1075,5210
1076,3854
1077,8546
1078,8195
1079,3317
1080,3130
1081,6322
1082,1218
1083,5770
1084,3556
1085,6682
1086,5488
1087,7467
1088,1301
1089,4643
1090,4702
1091,6198
1092,5510
1093,10003
1094,8723
1095,5138
1096,5805
1097,7552
1098,4801
1099,2063
1100,291
1101,7524
1102,3270
1103,8564
1104,1854
1105,22
1106,5694
1107,496
1108,2562
1109,1629
1110,8930
1111,1611
1112,8803
1113,5491
1114,7866
1115,1873
1116,6076
1117,8672
1118,8739
1119,3929
1120,6044
1121,4054
1122,1862
1123,5676
1124,449
1125,5544
1126,6452
1127,8685
1128,1862
1129,2110
1130,3166
1131,3706
1132,8850
1133,6344
1134,9020
1135,9276
1136,6231
1137,4256
1138,4920
1139,6207
1140,4137
1141,1842
1142,5139
1143,516
1144,5187
1145,1810
1146,4035
1147,7406
1148,3324
1149,4225
1150,5705
1151,4773
1152,4577
1153,1128
1154,9184
1155,4955
1156,1840
1157,2520
1158,8939
1159,6851
1160,5073
1161,9789
1162,2141
1163,3556
1164,3145
1165,7126
1166,10127
1167,3896
1168,3569
1169,8747
1170,1793
1171,5191
1172,9017
1173,1061
1174,303
1175,6065
1176,8636
1177,4811
1178,8641
1179,3696
1180,4976
1181,4721
1182,4261
1183,5386
1184,1471
1185,5482
1186,1903
1187,7201
1188,2117
1189,1014
1190,3404
1191,9165
1192,6677
1193,10032
1194,9730
1195,6386
1196,8898
1197,8706
1198,3263
1199,9040
1200,4247
1201,9601
1202,3477
1203,5705
1204,3556
1205,2996
1206,8712
1207,5444
1208,3248
1209,9198
1210,1008
1211,4672
1212,3067
1213,3304
1214,1488
1215,2156
1216,10087
1217,8529
1218,2242
1219,8858
1220,4310
1221,9917
1222,3623
1223,8727
1224,6343
1225,5153
1226,10029
1227,2239
1228,8748
1229,2820
1230,4636
1231,2910
1232,3325
1233,1368
1234,5471
1235,8898
1236,7932
1237,8972
1238,7001
1239,4190
1240,2061
1241,5365
1242,4197
1243,6631
1244,3522
1245,1947
1246,5464
1247,4146
1248,4258
1249,6696
1250,8779
1251,8702
1252,2202
1253,5488
1254,1455
1255,8910
1256,1686
1257,8112
1258,2464
1259,7294
1260,6365
1261,8825
1262,3017
1263,7395
1264,4338
1265,5222
1266,10095
1267,313
1268,2883
1269,4836
1270,3148
1271,4244
1272,6714
1273,8513
1274,6147
1275,8747
1276,9135
1277,2461
1278,3357
1279,9054
1280,1929
1281,1903
1282,6236
1283,8419
1284,4181
1285,6200
1286,6407
1287,1648
1288,1723
1289,1985
1290,2547
1291,5688
1292,4731
1293,1817
1294,7071
1295,3324
1296,2518
1297,7901
1298,5705
1299,3989
1300,5635
1301,6119
1302,545
1303,1998
1304,3304
1305,1303
1306,8807
1307,2516
1308,1537
1309,2238
1310,5338
1311,5815
1312,8614
1313,4976
1314,1031
1315,1392
1316,3080
1317,9152
1318,4824
1319,295
1320,8506
1321,4257
1322,1624
1323,2006
1324,234
1325,9156
1326,7294
1327,1246
1328,1470
1329,10029
1330,9041
1331,8482
1332,5264
1333,5656
1334,7074
1335,4551
1336,1088
1337,1384
1338,8515
1339,4828
1340,4648
1341,4190
1342,6088
1343,2819
1344,9720
1345,9150
1346,5242
1347,2134
1348,5135
1349,2309
1350,2117
1351,5415
1352,8974
1353,7233
1354,2079
1355,1815
1356,1914
1357,2898
1358,9176
1359,659
1360,4177
1361,7924
1362,6188
1363,1991
1364,10163
1365,2301
1366,1194
1367,2295
1368,1103
1369,6128
1370,5365
1371,7362
1372,5025
1373,7222
1374,7275
1375,9646
1376,7302
1377,4292
1378,4795
1379,8972
1380,3504
1381,6751
1382,7013
1383,9874
1384,4304
1385,3305
1386,160
1387,2190
1388,2240
1389,7209
1390,7406
1391,7932
1392,7081
1393,25
1394,1743
1395,6161
1396,4308
1397,4487
1398,1348
1399,2219
1400,9156
1401,6614
1402,10127
1403,9917
1404,9733
1405,1137
1406,539
1407,4876
1408,1092
1409,6009
1410,8664
1411,2612
1412,8817
1413,8966
1414,4998
1415,9950
1416,3500
1417,9341
1418,5007
1419,3929
1420,1761
1421,3376
1422,8693
1423,975
1424,3148
1425,6110
1426,6058
1427,2882
1428,7506
1429,6947
1430,4610
1431,6877
1432,5007
1433,10032
1434,5181
1435,4573
1436,4527
1437,4472
1438,4652
1439,7180
1440,3847
1441,10028
1442,1066
1443,4702
1444,4991
1445,2955
1446,9086
1447,5027
1448,4238
1449,9165
1450,3090
1451,2518
1452,987
1453,6893
1454,7524
1455,2066
1456,8089
1457,2031
1458,8365
1459,7195
1460,9923
1461,7439
1462,5101
1463,2983
1464,5239
1465,6894
1466,2190
1467,7422
1468,9807
1469,8709
1470,8563
1471,5551
1472,2960
1473,5794
1474,4247
1475,9570
1476,4094
1477,6128
1478,9711
1479,5262
1480,2952
1481,7367
1482,8676
1483,4373
1484,9165
1485,2141
1486,5191
1487,4336
1488,1569
1489,6404
1490,8826
1491,1209
1492,5195
1493,4723
1494,8564
1495,3203
1496,8747
1497,4316
1498,6043
1499,3383
1500,496
1501,2793
1502,8803
1503,1871
1504,9790
1505,5748
1506,9808
1507,8446
1508,6803
1509,4263
1510,8723
1511,3386
1512,6184
1513,5189
1514,5544
1515,2483
1516,6556
1517,31
1518,6385
1519,5350
1520,4805
1521,6100
1522,6296
1523,2193
1524,5131
1525,4478
1526,4910
1527,5027
1528,9886
1529,4609
1530,7124
1531,4849
1532,5672
1533,1371
1534,3130
1535,5133
1536,1997
1537,3981
1538,8148
1539,3719
1540,4976
1541,9979
1542,9689
1543,6585
1544,8796
1545,2201
1546,8448
1547,4842
1548,4744
1549,6351
1550,1649
1551,8468
1552,4435
1553,2167
1554,2602
1555,1517
1556,4532
1557,2111
1558,8468
1559,1852
1560,94
1561,9878
1562,6679
1563,4138
1564,7406
1565,8468
1566,6159
1567,7195
1568,4637
1569,4458
1570,7596
1571,8803
1572,6726
1573,1582
1574,8563
1575,8833
1576,4824
1577,147
1578,9705
1579,9144
1580,4943
1581,2331
1582,6202
1583,6420
1584,2111
1585,9065
1586,4560
1587,8749
1588,2529
1589,5494
1590,1348
1591,3157
1592,4986
1593,2938
1594,1382
1595,3730
1596,4244
1597,2520
1598,9610
1599,5071
1600,2083
1601,9758
1602,1382
1603,6536
1604,1337
1605,975
1606,6198
1607,5569
1608,10047
1609,1371
1610,2820
1611,8518
1612,2520
1613,9155
1614,69
1615,1031
1616,3929
1617,1698
1618,4816
1619,8504
1620,4437
1621,5326
1622,8643
1623,6361
1624,7510
1625,997
1626,2134
1627,4879
1628,467
1629,5418
1630,1537
1631,6994
1632,8564
1633,8733
1634,5774
1635,8546
1636,9028
1637,2110
1638,9878
1639,9789
1640,10130
1641,2483
1642,3148
1643,6330
1644,3928
1645,4014
1646,9712
1647,7883
1648,6344
1649,1245
1650,69
1651,4648
1652,9165
1653,8365
1654,10095
1655,7924
1656,5147
1657,1221
1658,5953
1659,6044
1660,4161
1661,8947
1662,3198
1663,2613
1664,6811
1665,5182
1666,2017
1667,7203
1668,10144
1669,3524
1670,9056
1671,7845
1672,2847
1673,9151
1674,9137
1675,248
1676,4027
1677,7519
1678,6100
1679,7360
1680,3324
1681,5124
1682,4146
1683,2158
1684,3808
1685,1994
1686,2425
1687,6076
1688,8693
1689,6344
1690,5224
1691,1153
1692,5459
1693,5410
1694,2349
1695,9733
1696,7499
1697,4392
1698,3052
1699,6200
1700,2158
1701,409
1702,4583
1703,2613
1704,6043
1705,8470
1706,10144
1707,4899
1708,3280
1709,1875
1710,2406
1711,2314
1712,2483
1713,6947
1714,3697
1715,6596
1716,9850
1717,6267
1718,5775
1719,5901
1720,4986
1721,8313
1722,8547
1723,10130
1724,1604
1725,3149
1726,6354
1727,6335
1728,5350
1729,632
1730,4102
1731,5656
1732,3730
1733,6418
1734,6719
1735,6726
1736,5544
1737,3010
1738,2837
1739,7422
1740,4373
1741,4328
1742,7450
1743,3875
1744,2334
1745,4874
1746,2070
1747,10096
1748,6155
1749,7317
1750,8470
1751,7360
1752,5482
1753,632
1754,1281
1755,7881
1756,6166
1757,6691
1758,5485
1759,7004
1760,8704
1761,10087
1762,2072
1763,8430
1764,3317
1765,7201
1766,1194
1767,4473
1768,4315
1769,4860
1770,1011
1771,9986
1772,8693
1773,1723
1774,9065
1775,4722
1776,3522
1777,5126
1778,4913
1779,1470
1780,6658
1781,5125
1782,6182
1783,1326
1784,5101
1785,4628
1786,7114
1787,4637
1788,6286
1789,9705
1790,1634
1791,2793
1792,3130
1793,5897
1794,8644
1795,1454
1796,6151
1797,6066
1798,5805
1799,8514
1800,1962
1801,6335
1802,23
1803,1810
1804,3315
1805,4620
1806,3959
1807,2529
1808,291
1809,8278
1810,5451
1811,5765
1812,9135
1813,2534
1814,3959
1815,2938
1816,8278
1817,160
1818,3480
1819,8693
1820,3725
1821,9698
1822,7203
1823,2772
1824,3010
1825,8469
1826,3994
1827,3745
1828,3524
1829,9017
1830,4154
1831,147
1832,4717
1833,8968
1834,5903
1835,6367
1836,2898
1837,4054
1838,6236
1839,8957
1840,4245
1841,1873
1842,3542
1843,5092
1844,2483
1845,4225
1846,8971
1847,9302
1848,6548
1849,4706
1850,4316
1851,7725
1852,3478
1853,6427
1854,4447
1855,8412
1856,4950
1857,4483
1858,8454
1859,3431
1860,4561
1861,2955
1862,9057
1863,6143
1864,3989
1865,6999
1866,6947
1867,6059
1868,4547
1869,1231
1870,8989
1871,2279
1872,5770
1873,1916
1874,4691
1875,7850
1876,6987
1877,3623
1878,5805
1879,2831
1880,10096
1881,409
1882,4715
1883,6398
1884,4498
1885,7506
1886,6368
1887,3398
1888,3014
1889,3134
1890,3912
1891,6152
1892,5896
1893,6363
1894,9135
1895,9672
1896,7119
1897,4666
1898,4637
1899,1359
1900,4174
1901,6188
1902,5512
1903,2055
1904,2055
1905,4636
1906,1089
1907,4712
1908,2240
1909,3168
1910,4421
1911,9733
1912,6364
1913,6291
1914,10044
1915,5124
1916,1250
1917,2938
1918,7186
1919,5242
1920,1187
1921,3491
1922,6558
1923,7124
1924,7423
1925,8803
1926,394
1927,1875
1928,4991
1929,4146
1930,4960
1931,1261
1932,5549
1933,5449
1934,7467
1935,4701
1936,9162
1937,3119
1938,3431
1939,4054
1940,9984
1941,9729
1942,3175
1943,2898
1944,8470
1945,1873
1946,6427
1947,8641
1948,2909
1949,9179
1950,5018
1951,7126
1952,5537
1953,2897
1954,4549
1955,5365
1956,3389
1957,1809
1958,8664
1959,1050
1960,1443
1961,371
1962,6603
1963,7083
1964,2611
1965,5046
1966,6427
1967,10006
1968,3231
1969,7881
1970,1812
1971,6999
1972,8386
1973,3858
1974,7680
1975,2483
1976,5815
1977,918
1978,8643
1979,6705
1980,4448
1981,334
1982,9151
1983,4710
1984,3376
1985,2083
1986,5207
1987,8860
1988,3600
1989,10083
1990,3238
1991,6719
1992,94
1993,1322
1994,6440
1995,3782
1996,1384
1997,10023
1998,4723
1999,2611
2000,5146
2001,1994
2002,417
2003,9040
2004,1034
2005,1318
2006,5765
2007,534
2008,8943
2009,2524
2010,2316
2011,5485
2012,4962
2013,4715
2014,5578
2015,14
2016,4532
2017,5469
2018,2236
2019,3098
2020,9162
2021,2533
2022,3984
2023,8742
2024,10096
2025,2996
2026,1335
2027,6286
2028,2153
2029,5488
2030,9137
2031,4628
2032,7315
2033,4407
2034,1170
2035,9041
2036,4373
2037,4238
2038,7371
2039,10143
2040,6298
2041,6214
2042,5780
2043,9106
2044,9315
2045,2924
2046,5126
2047,3648
2048,3705
2049,4852
2050,7755
2051,9848
2052,5126
2053,5488
2054,1289
2055,6718
2056,3332
2057,4247
2058,3312
2059,10087
2060,4462
2061,2253
2062,5124
2063,5176
2064,6851
2065,5901
2066,3338
2067,467
2068,2861
2069,5138
2070,1513
2071,5101
2072,4265
2073,9739
2074,5138
2075,1686
2076,1862
2077,951
2078,6645
2079,3022
2080,4558
2081,5125
2082,5469
2083,4945
2084,5365
2085,844
2086,5611
2087,9917
2088,4478
2089,10032
2090,7302
2091,9926
2092,1275
2093,4573
2094,1377
2095,1994
2096,2761
2097,9162
2098,6263
2099,3500
2100,2969
2101,5805
2102,2472
2103,10021
2104,8914
2105,4068
2106,417
2107,3886
2108,5092
2109,1275
2110,10055
2111,5320
2112,4975
2113,9245
2114,6452
2115,5145
2116,8708
2117,3357
2118,4744
2119,8446
2120,3714
2121,6394
2122,2242
2123,7265
2124,4221
2125,3490
2126,2518
2127,10028
2128,2546
2129,4600
2130,1454
2131,1470
2132,2141
2133,5221
2134,9731
2135,9946
2136,2253
2137,5042
2138,6704
2139,5176
2140,4625
2141,6989
2142,4960
2143,6141
2144,8501
2145,4975
2146,3040
2147,1723
2148,3625
2149,5195
2150,8956
2151,7066
2152,1410
2153,5254
2154,4691
2155,2125
2156,5410
2157,9917
2158,6343
2159,5464
2160,9177
2161,4165
2162,3625
2163,4794
2164,6803
2165,1258
2166,3043
2167,5344
2168,3052
2169,9315
2170,1135
2171,4598
2172,4910
2173,2996
2174,8376
2175,5407
2176,6355
2177,9979
2178,3167
2179,7439
2180,8313
2181,2309
2182,1542
2183,4157
2184,4916
2185,8956
2186,3410
2187,8685
2188,7367
2189,3575
2190,4828
2191,2955
2192,1844
2193,1454
2194,1361
2195,1066
2196,4741
2197,2897
2198,5770
2199,6751
2200,4571
2201,1871
2202,6921
2203,6141
2204,8914
2205,9705
2206,7178
2207,10135
2208,4647
2209,9687
2210,2969
2211,8798
2212,9054
2213,6058
2214,7195
2215,2483
2216,3052
2217,9119
2218,3305
2219,6296
2220,10032
2221,5008
2222,1986
2223,1624
2224,4304
2225,3957
2226,5073
2227,2253
2228,2335
2229,1281
2230,2155
2231,4722
2232,7450
2233,4164
2234,8127
2235,8611
2236,417
2237,5254
2238,6334
2239,7369
2240,7460
2241,1410
2242,6704
2243,6999
2244,1580
2245,10095
2246,1749
2247,8641
2248,7159
2249,5138
2250,1938
2251,5450
2252,6555
2253,6741
2254,5124
2255,10089
2256,4821
2257,6368
2258,4543
2259,2844
2260,8825
2261,3186
2262,5020
2263,1731
2264,4852
2265,5447
2266,4934
2267,6802
2268,2406
2269,94
2270,1435
2271,7151
2272,4652
2273,2019
2274,4981
2275,8656
2276,1568
2277,1373
2278,8682
2279,4334
2280,2065
2281,992
2282,6181
2283,9091
2284,5195
2285,632
2286,9902
2287,5318
2288,4338
2289,1382
2290,160
2291,2509
2292,8386
2293,5902
2294,6316
2295,6548
2296,5189
2297,8926
2298,6864
2299,5133
2300,8468
2301,2031
2302,665
2303,8898
2304,6398
2305,3203
2306,2573
2307,6704
2308,4842
2309,8313
2310,9162
2311,6624
2312,3080
2313,9276
2314,4554
2315,5416
2316,8660
2317,3324
2318,5078
2319,8717
2320,8933
2321,5566
2322,2110
2323,8672
2324,8746
2325,3725
2326,6997
2327,9116
2328,6367
2329,8708
2330,7243
2331,3080
2332,7707
2333,8547
2334,3980
2335,9158
2336,8912
2337,8803
2338,6025
2339,47
2340,3788
2341,2573
2342,10008
2343,3263
2344,719
2345,8127
2346,3928
2347,9135
2348,2883
2349,8446
2350,6012
2351,8867
2352,5543
2353,495
2354,9720
2355,2095
2356,7318
2357,3795
2358,3485
2359,7126
2360,6200
2361,5140
2362,1348
2363,8942
2364,9277
2365,3745
2366,5941
2367,9818
2368,8847
2369,5146
2370,6429
2371,6665
2372,8011
2373,5549
2374,5046
2375,4554
2376,371
2377,5088
2378,3067
2379,6204
2380,4849
2381,5704
2382,1874
2383,1035
2384,4723
2385,2316
2386,6361
2387,1550
2388,6878
2389,3166
2390,8440
2391,2225
2392,3383
2393,9091
2394,2231
2395,8971
2396,3984
2397,3989
2398,8898
2399,7238
2400,10160
2401,3203
2402,220
2403,5866
2404,9156
2405,5125
2406,5464
2407,7651
2408,6695
2409,8796
2410,9245
2411,10003
2412,1874
2413,8288
2414,3986
2415,3167
2416,1246
2417,6280
2418,2111
2419,1289
2420,5545
2421,1066
2422,6851
2423,4798
2424,4876
2425,10032
2426,2063
2427,5144
2428,397
2429,8148
2430,6181
2431,2909
2432,7174
2433,8663
2434,4102
2435,6439
2436,2483
2437,7271
2438,4521
2439,7349
2440,9917
2441,1633
2442,8807
2443,8621
2444,8909
2445,8286
2446,4373
2447,8121
2448,1714
2449,5073
2450,8506
2451,5921
2452,3357
2453,1580
2454,3745
2455,2883
2456,3760
2457,9722
2458,5189
2459,2079
2460,2443
2461,1991
2462,8946
2463,3862
2464,5264
2465,4853
2466,6411
2467,10033
2468,3356
2469,8723
2470,4816
2471,6665
2472,10042
2473,9151
2474,6532
2475,2483
2476,5283
2477,6680
2478,21
2479,5938
2480,1839
2481,7094
2482,3542
2483,5334
2484,4724
2485,10001
2486,5507
2487,4419
2488,8365
2489,4905
2490,8875
2491,291
2492,10028
2493,4431
2494,2898
2495,1574
2496,8727
2497,3984
2498,6128
2499,1628
2500,6290
2501,5283
2502,3047
2503,1815
2504,4747
2505,6235
2506,6988
2507,9150
2508,6483
2509,4338
2510,8785
2511,5488
2512,8547
2513,2031
2514,2419
2515,8774
2516,8286
2517,4308
2518,6100
2519,10175
2520,6400
2521,8746
2522,1770
2523,2522
2524,4914
2525,6568
2526,9983
2527,1389
2528,2883
2529,4593
2530,650
2531,6159
2532,3817
2533,5552
2534,6524
2535,8208
2536,10047
2537,8914
2538,10000
2539,8609
2540,8939
2541,6548
2542,5902
2543,295
2544,1903
2545,6181
2546,9135
2547,9730
2548,6702
2549,3336
2550,1854
2551,10032
2552,1634
2553,8570
2554,2055
2555,9098
2556,5247
2557,8626
2558,8189
2559,2084
2560,1888
2561,7371
2562,6346
2563,8746
2564,4722
2565,6400
2566,7449
2567,7392
2568,1305
2569,4987
2570,5350
2571,7151
2572,2870
2573,6449
2574,5361
2575,7153
2576,5235
2577,2119
2578,9987
2579,1448
2580,7203
2581,8867
2582,3522
2583,5329
2584,6681
2585,6536
2586,6851
2587,5207
2588,5901
2589,2332
2590,2837
2591,1996
2592,4336
2593,8513
2594,7513
2595,2425
2596,8570
2597,3205
2598,1985
2599,8914
2600,9010
2601,2332
2602,10036
2603,9079
2604,6183
2605,7719
2606,5625
2607,2883
2608,1607
2609,5369
2610,7449
2611,1377
2612,9176
2613,2318
2614,5786
2615,4664
2616,3203
2617,6119
2618,2908
2619,1977
2620,4511
2621,6427
2622,6986
2623,6403
2624,8926
2625,7151
2626,9187
2627,10149
2628,9026
2629,291
2630,10028
2631,9138
2632,8704
2633,8392
2634,9057
2635,7124
2636,9533
2637,9047
2638,4446
2639,6596
2640,8471
2641,9210
2642,9761
2643,447
2644,5020
2645,1489
2646,6385
2647,5539
2648,4136
2649,5151
2650,1356
2651,5007
2652,8842
2653,5794
2654,2562
2655,4138
2656,1947
2657,4612
2658,2831
2659,9718
2660,1840
2661,6081
2662,3895
2663,3886
2664,9712
2665,5094
2666,7641
2667,9040
2668,6449
2669,8412
2670,6300
2671,4151
2672,2168
2673,5189
2674,2250
2675,7408
2676,5539
2677,4102
2678,7743
2679,9921
2680,5127
2681,1180
2682,6368
2683,3305
2684,5246
2685,8564
2686,2046
2687,6789
2688,2193
2689,4554
2690,1008
2691,9712
2692,9028
2693,4487
2694,9151
2695,2167
2696,10130
2697,10143
2698,8664
2699,2844
2700,3280
2701,5124
2702,9079
2703,2316
2704,7513
2705,4899
2706,567
2707,1062
2708,4308
2709,3294
2710,3329
2711,2006
2712,4309
2713,7360
2714,5896
2715,1008
2716,1481
2717,5410
2718,78
2719,8810
2720,5770
2721,7237
2722,6044
2723,5008
2724,3858
2725,6182
2726,6200
2727,3376
2728,334
2729,59
2730,6119
2731,8706
2732,3364
2733,2122
2734,6024
2735,6858
2736,4561
2737,4165
2738,5342
2739,6298
2740,2580
2741,3699
2742,4070
2743,1370
2744,7408
2745,7075
2746,8626
2747,5410
2748,8519
2749,1873
2750,2065
2751,5704
2752,8733
2753,4478
2754,8710
2755,3912
2756,4338
2757,8854
2758,7396
2759,10143
2760,2303
2761,6368
2762,1629
2763,10090
2764,7001
2765,3524
2766,2065
2767,5135
2768,1994
2769,3438
2770,6633
2771,3643
2772,7256
2773,1194
2774,5911
2775,5386
2776,9152
2777,918
2778,4014
2779,5223
2780,5151
2781,9114
2782,8818
2783,9712
2784,1261
2785,4077
2786,6844
2787,4054
2788,6412
2789,1050
2790,6305
2791,9843
2792,6440
2793,9848
2794,1170
2795,1250
2796,2914
2797,6483
2798,1279
2799,6914
2800,1607
2801,5488
2802,3895
2803,1170
2804,5047
2805,2819
2806,8506
2807,5386
2808,5986
2809,2483
2810,2026
2811,1175
2812,8121
2813,2899
2814,6427
2815,4950
2816,6997
2817,9211
2818,6452
2819,4209
2820,8642
2821,4244
2822,5370
2823,7071
2824,4879
2825,9098
2826,1862
2827,8827
2828,8963
2829,6337
2830,1936
2831,5715
2832,8430
2833,3304
2834,1051
2835,1566
2836,4336
2837,9001
2838,3625
2839,650
2840,4487
2841,5805
2842,9098
2843,8905
2844,3338
2845,8551
2846,6110
2847,3113
2848,4916
2849,3211
2850,8943
2851,4955
2852,5543
2853,2239
2854,4582
2855,9152
2856,5905
2857,8664
2858,142
2859,5786
2860,4245
2861,7350
2862,6353
2863,8746
2864,8112
2865,8817
2866,1587
2867,1305
2868,4511
2869,8482
2870,3118
2871,2238
2872,5459
2873,2125
2874,6361
2875,3546
2876,4887
2877,1805
2878,6438
2879,3166
2880,6335
2881,2114
2882,5549
2883,7001
2884,3029
2885,6202
2886,6188
2887,9183
2888,6397
2889,2612
2890,4077
2891,4853
2892,9915
2893,1297
2894,343
2895,10042
2896,661
2897,4953
2898,3014
2899,2529
2900,3175
2901,95
2902,9878
2903,2524
2904,10095
2905,4436
2906,3449
2907,220
2908,4433
2909,5144
2910,2445
2911,8803
2912,6046
2913,9979
2914,6806
2915,8966
2916,6282
2917,8032
2918,5093
2919,3167
2920,3854
2921,735
2922,1912
2923,4080
2924,4941
2925,1279
2926,10111
2927,82
2928,5092
2929,3034
2930,1488
2931,632
2932,7719
2933,4177
2934,6012
2935,6563
2936,9711
2937,6134
2938,1371
2939,8515
2940,6305
2941,985
2942,7294
2943,8551
2944,4161
2945,4310
2946,1302
2947,3279
2948,2240
2949,4437
2950,10144
2951,8770
2952,6161
2953,3854
2954,6894
2955,1812
2956,6725
2957,1180
2958,1986
2959,9177
2960,4437
2961,8967
2962,1761
2963,5784
2964,9047
2965,2425
2966,6214
2967,3795
2968,3981
2969,2952
2970,7438
2971,1410
2972,958
2973,7003
2974,4163
2975,4473
2976,2603
2977,2031
2978,4153
2979,2153
2980,1066
2981,9689
2982,4583
2983,9010
2984,3356
2985,5222
2986,4717
2987,5329
2988,5464
2989,10036
2990,5896
2991,8023
2992,1135
2993,5451
2994,3404
2995,5370
2996,5291
2997,8946
2998,8355
2999,6182
3000,4650
3001,4910
3002,4035
3003,6147
3004,7238
3005,9177
3006,8964
3007,1550
3008,4438
3009,1356
3010,1062
3011,8733
3012,7552
3013,659
3014,6296
3015,5256
3016,2572
3017,8519
3018,1213
3019,3316
3020,273
3021,2882
3022,7651
3023,9693
3024,3386
3025,8827
3026,3714
3027,4114
3028,10175
3029,10144
3030,9041
3031,2110
3032,1874
3033,3304
3034,2930
3035,10044
3036,4609
3037,23
3038,9084
3039,8905
3040,4558
3041,65
3042,5071
3043,5341
3044,7552
3045,3575
3046,1489
3047,8586
3048,9722
3049,1743
3050,10096
3051,8431
3052,5338
3053,8972
3054,7764
3055,7361
3056,3569
3057,5126
3058,5147
3059,1128
3060,10021
3061,5732
3062,9697
3063,8710
3064,978
3065,5125
3066,8943
3067,4309
3068,2883
3069,8546
3070,8964
3071,305
3072,3376
3073,1322
3074,4986
3075,10127
3076,6230
3077,8602
3078,3449
3079,5532
3080,6351
3081,4051
3082,3175
3083,5202
3084,9152
3085,3024
3086,6351
3087,5394
3088,6367
3089,6387
3090,985
3091,6164
3092,4472
3093,2537
3094,5242
3095,4314
3096,6438
3097,4620
3098,2325
3099,1218
3100,9020
3101,6335
3102,8365
3103,10156
3104,4814
3105,4210
3106,3524
3107,1634
3108,4310
3109,7265
3110,5007
3111,4448
3112,6023
3113,6165
3114,9689
3115,6657
3116,8799
3117,6280
3118,3962
3119,10060
3120,6683
3121,8498
3122,8971
3123,8597
3124,6200
3125,1301
3126,3098
3127,3817
3128,2238
3129,4450
3130,9277
3131,8867
3132,4014
3133,8972
3134,2861
3135,9039
3136,4814
3137,3167
3138,6322
3139,6556
3140,9014
3141,2443
3142,2332
3143,9697
3144,1439
3145,8722
3146,10082
3147,6002
3148,1565
3149,5313
3150,3056
3151,9701
3152,10086
3153,3880
3154,8562
3155,4647
3156,5729
3157,9362
3158,8448
3159,9646
3160,6719
3161,2243
3162,10060
3163,7126
3164,8638
3165,2883
3166,9921
3167,6681
3168,9137
3169,6288
3170,7338
3171,8926
3172,6165
3173,4263
3174,6992
3175,4126
3176,7180
3177,8586
3178,9843
3179,9023
3180,6361
3181,6546
3182,1288
3183,5088
3184,2602
3185,4483
3186,2296
3187,2239
3188,1033
3189,5088
3190,2134
3191,8189
3192,1489
3193,8810
3194,8817
3195,2996
3196,1194
3197,3051
3198,3755
3199,6009
3200,4620
3201,4143
3202,4119
3203,1757
3204,4054
3205,5126
3206,10130
3207,7552
3208,3480
3209,5025
3210,6695
3211,4306
3212,5472
3213,3356
3214,3205
3215,3469
3216,3364
3217,2859
3218,3719
3219,1209
3220,8424
3221,4263
3222,5897
3223,4373
3224,9158
3225,15
3226,8939
3227,2153
3228,3383
3229,7680
3230,8942
3231,2879
3232,3336
3233,1003
3234,1815
3235,3696
3236,6662
3237,2522
3238,8914
3239,8521
3240,1862
3241,4962
3242,14
3243,7499
3244,6088
3245,4865
3246,5027
3247,6002
3248,8664
3249,1903
3250,10130
3251,6335
3252,8386
3253,4731
3254,8460
3255,8023
3256,2612
3257,4410
3258,5153
3259,7335
3260,9918
3261,8428
3262,6628
3263,8660
3264,160
3265,3329
3266,494
3267,4951
3268,3826
3269,5578
3270,9047
3271,2883
3272,318
3273,1149
3274,1454
3275,8528
3276,5120
3277,4828
3278,6688
3279,4068
3280,5488
3281,1731
3282,7524
3283,4719
3284,3203
3285,4999
3286,1936
3287,6400
3288,8943
3289,8241
3290,3701
3291,4139
3292,4842
3293,10130
3294,8943
3295,4392
3296,2996
3297,545
3298,9533
3299,8939
3300,2193
3301,5176
3302,8972
3303,1035
3304,273
3305,8646
3306,8845
3307,2349
3308,9570
3309,1517
3310,5094
3311,567
3312,9945
3313,8514
3314,2155
3315,3203
3316,6385
3317,1410
3318,7133
3319,9808
3320,7910
3321,1204
3322,2332
3323,6256
3324,1531
3325,4303
3326,2174
3327,5185
3328,3084
3329,6695
3330,3181
3331,8494
3332,3400
3333,8926
3334,9808
3335,1591
3336,6200
3337,2078
3338,5246
3339,10055
3340,9116
3341,5146
3342,4102
3343,1938
3344,9151
3345,7768
3346,69
3347,8868
3348,1862
3349,5611
3350,6806
3351,2793
3352,2463
3353,6343
3354,8966
3355,3166
3356,8747
3357,4141
3358,2136
3359,4165
3360,5027
3361,6430
3362,3522
3363,7460
3364,8944
3365,8379
3366,9850
3367,9758
3368,4219
3369,5147
3370,4988
3371,1223
3372,2101
3373,2520
3374,5794
3375,1472
3376,3730
3377,10130
3378,7119
3379,5382
3380,8549
3381,25
3382,1496
3383,2772
3384,2083
3385,5451
3386,7499
3387,3449
3388,8566
3389,8471
3390,2938
3391,5452
3392,5960
3393,9789
3394,9730
3395,9302
3396,447
3397,2065
3398,4462
3399,9946
3400,6806
3401,5272
3402,4125
3403,5361
3404,10060
3405,2924
3406,1962
3407,2331
3408,3846
3409,1330
3410,5901
3411,4610
3412,1877
3413,2141
3414,1135
3415,1537
3416,1014
3417,6337
3418,7244
3419,7260
3420,3338
3421,3410
3422,6351
3423,7707
3424,1297
3425,1361
3426,3029
3427,9277
3428,8847
3429,6136
3430,492
3431,5706
3432,1871
3433,844
3434,9789
3435,5407
3436,5416
3437,7424
3438,5552
3439,10174
3440,4836
3441,6864
3442,567
3443,1011
3444,8930
3445,5133
3446,10055
3447,991
3448,4221
3449,1810
3450,3725
3451,5173
3452,9152
3453,3248
3454,5262
3455,2253
3456,65
3457,6180
3458,5416
3459,6355
3460,5350
3461,5508
3462,8940
3463,6400
3464,3198
3465,6563
3466,9206
3467,4257
3468,3625
3469,5582
3470,6182
3471,5334
3472,4314
3473,3895
3474,1289
3475,3317
3476,5072
3477,10073
3478,7354
3479,3835
3480,3587
3481,5679
3482,2130
3483,2240
3484,82
3485,334
3486,9047
3487,2141
3488,10047
3489,2219
3490,2880
3491,3980
3492,3911
3493,8560
3494,4102
3495,8967
3496,2930
3497,4715
3498,3719
3499,2537
3500,3895
3501,10050
3502,6705
3503,1213
3504,4310
3505,5273
3506,2819
3507,1297
3508,4423
3509,1560
3510,4190
3511,5239
3512,5447
3513,6361
3514,2111
3515,6995
3516,5459
3517,9114
3518,2870
3519,5903
3520,7396
3521,1657
3522,3929
3523,5238
3524,2334
3525,6044
3526,23
3527,6262
3528,3853
3529,9797
3530,69
3531,1793
3532,4691
3533,3400
3534,2550
3535,8676
3536,7475
3537,1474
3538,6921
3539,3795
3540,7768
3541,301
3542,2054
3543,4721
3544,4701
3545,4884
3546,7651
3547,171
3548,2572
3549,4164
3550,6679
3551,1994
3552,1128
3553,4070
3554,5042
3555,2899
3556,1537
3557,9979
3558,5240
3559,3205
3560,8818
3561,47
3562,5704
3563,8563
3564,1743
3565,8023
3566,6137
3567,8972
3568,4527
3569,4849
3570,9927
3571,7716
3572,2823
3573,2969
3574,5394
3575,8788
3576,8642
3577,8011
3578,3705
3579,9065
3580,7406
3581,5423
3582,4374
3583,8831
3584,4691
3585,2066
3586,8916
3587,4889
3588,2334
3589,6141
3590,1474
3591,5264
3592,5007
3593,7826
3594,8468
3595,6344
3596,8739
3597,4255
3598,1301
3599,2813
3600,6792
3601,1624
3602,6044
3603,10050
3604,2937
3605,6009
3606,3127
3607,4150
3608,661
3609,7318
3610,3263
3611,3145
3612,2484
3613,6318
3614,9533
3615,5479
3616,3377
3617,6365
3618,9179
3619,2349
3620,8946
3621,4433
3622,6081
3623,1389
3624,5187
3625,9927
3626,2193
3627,10173
3628,10085
3629,3788
3630,801
3631,1135
3632,10010
3633,4433
3634,3808
3635,6483
3636,6320
3637,10086
3638,10095
3639,6367
3640,1962
3641,7571
3642,5688
3643,4874
3644,1560
3645,5539
3646,8642
3647,6811
3648,8148
3649,3328
3650,2602
3651,9192
3652,7260
3653,3185
3654,7552
3655,2588
3656,7154
3657,8419
3658,6188
3659,5193
3660,6340
3661,9177
3662,6415
3663,5447
3664,4825
3665,2518
3666,4410
3667,5428
3668,3118
3669,801
3670,1187
3671,8528
3672,1631
3673,1560
3674,6648
3675,1591
3676,5932
3677,7143
3678,8875
3679,7003
3680,6119
3681,9789
3682,5329
3683,5459
3684,8609
3685,649
3686,4691
3687,2863
3688,6267
3689,78
3690,1725
3691,3817
3692,7449
3693,2174
3694,7367
3695,4798
3696,5833
3697,6400
3698,3835
3699,3846
3700,5829
3701,6369
3702,8288
3703,3760
3704,9923
3705,9878
3706,4055
3707,665
3708,8547
3709,6922
3710,6860
3711,2334
3712,4263
3713,4446
3714,5127
3715,1213
3716,5786
3717,4842
3718,8748
3719,6207
3720,7083
3721,9156
3722,991
3723,4721
3724,988
3725,295
3726,3317
3727,4290
3728,6164
3729,2150
3730,6680
3731,4087
3732,8602
3733,4612
3734,2190
3735,2136
3736,4816
3737,9315
3738,8089
3739,5464
3740,1198
3741,3623
3742,5350
3743,3400
3744,9719
3745,10032
3746,3010
3747,6536
3748,4373
3749,2831
3750,9945
3751,5464
3752,7133
3753,4950
3754,6100
3755,4934
3756,5539
3757,5370
3758,632
3759,8112
3760,2239
3761,10089
3762,1279
3763,1448
3764,4292
3765,4916
3766,8954
3767,9073
3768,6231
3769,9240
3770,7353
3771,5193
3772,5185
3773,6291
3774,9533
3775,4139
3776,6691
3777,6290
3778,1793
3779,5126
3780,8504
3781,9761
3782,4598
3783,9682
3784,6427
3785,1517
3786,3664
3787,10095
3788,4908
3789,8834
3790,9965
3791,6947
3792,5124
3793,6188
3794,4157
3795,3986
3796,6166
3797,8940
3798,3981
3799,5096
3800,6987
3801,1842
3802,7201
3803,8313
3804,4290
3805,8386
3806,8419
3807,5303
3808,4257
3809,8112
3810,4950
3811,1318
3812,10021
3813,3067
3814,6314
3815,5451
3816,2443
3817,5428
3818,8618
3819,3377
3820,6256
3821,1895
3822,9013
3823,9601
3824,4304
3825,7755
3826,1793
3827,9768
3828,7336
3829,6163
3830,5240
3831,8468
3832,8940
3833,6452
3834,4219
3835,6603
3836,6637
3837,1151
3838,5760
3839,6443
3840,3725
3841,7240
3842,871
3843,6327
3844,6009
3845,5050
3846,1590
3847,94
3848,1938
3849,8905
3850,6288
3851,2897
3852,7245
3853,6204
3854,5338
3855,3145
3856,9006
3857,6563
3858,5414
3859,2969
3860,10044
3861,3912
3862,10173
3863,5494
3864,449
3865,6351
3866,4435
3867,5815
3868,3643
3869,1341
3870,1301
3871,7081
3872,6746
3873,6023
3874,3051
3875,4913
3876,8011
3877,8644
3878,7443
3879,735
3880,1984
3881,4554
3882,567
3883,5350
3884,4974
3885,993
3886,7302
3887,5071
3888,9151
3889,3760
3890,2957
3891,7467
3892,1854
3893,9979
3894,7611
3895,3714
3896,2419
3897,5329
3898,8618
3899,6806
3900,303
3901,6368
3902,5827
3903,5679
3904,5787
3905,4177
3906,545
3907,7350
3908,1439
3909,5311
3910,8566
3911,6044
3912,9102
3913,9152
3914,5901
3915,1840
3916,4421
3917,4154
3918,3575
3919,10014
3920,5234
3921,5640
3922,1272
3923,4988
3924,8875
3925,6334
3926,9183
3927,3478
3928,8446
3929,8956
3930,7932
3931,1089
3932,9102
3933,7369
3934,5529
3935,8482
3936,5126
3937,9098
3938,10093
3939,1962
3940,1888
3941,4999
3942,5921
3943,7243
3944,5679
3945,7114
3946,1852
3947,978
3948,7632
3949,4741
3950,8748
3951,5549
3952,9720
3953,8570
3954,10047
3955,3847
3956,4832
3957,9950
3958,3304
3959,4720
3960,6696
3961,6282
3962,403
3963,9091
3964,7866
3965,4916
3966,5181
3967,9733
3968,1435
3969,4554
3970,6952
3971,3670
3972,9843
3973,8430
3974,7427
3975,4794
3976,7571
3977,4593
3978,5310
3979,4561
3980,2261
3981,4421
3982,6066
3983,9902
3984,8942
3985,1996
3986,9722
3987,5922
3988,10077
3989,6688
3990,7439
3991,8089
3992,4946
3993,3040
3994,8365
3995,1246
3996,9011
3997,8638
3998,1382
3999,1839
4000,3014
4001,1377
4002,199
4003,10047
4004,2182
4005,6137
4006,5353
4007,4151
4008,1817
4009,6339
4010,9843
4011,6311
4012,2579
4013,301
4014,7552
4015,5122
4016,2311
4017,9165
4018,8667
4019,5078
4020,6844
4021,291
4022,6286
4023,7275
4024,5784
4025,5234
4026,2072
4027,9014
4028,2349
4029,8602
4030,8825
4031,1744
4032,4151
4033,7395
4034,3014
4035,6291
4036,2130
4037,6702
4038,3186
4039,3696
4040,8875
4041,9687
4042,7083
4043,9031
4044,6427
4045,8963
4046,986
4047,7613
4048,6708
4049,6403
4050,1035
4051,6430
4052,4087
4053,4143
4054,7001
4055,9945
4056,1812
4057,2124
4058,8570
4059,85
4060,8964
4061,4306
4062,2202
4063,5246
4064,4094
4065,6637
4066,7075
4067,6502
4068,6263
4069,1264
4070,9090
4071,4181
4072,6079
4073,6335
4074,1361
4075,3846
4076,7571
4077,8519
4078,9023
4079,8979
4080,32
4081,4715
4082,3845
4083,4744
4084,8964
4085,9917
4086,1496
4087,8443
4088,4598
4089,6385
4090,1929
4091,9935
4092,5897
4093,6185
4094,1912
4095,6231
4096,2520
4097,2110
4098,7845
4099,4905
4100,3181
4101,10173
4102,4151
4103,6449
4104,2483
4105,8566
4106,5512
4107,10096
4108,1601
4109,1916
4110,9697
4111,2015
4112,9693
4113,5552
4114,6427
4115,6483
4116,78
4117,6565
4118,2522
4119,2516
4120,3587
4121,3195
4122,8667
4123,4373
4124,4962
4125,1844
4126,199
4127,8471
4128,5193
4129,6267
4130,1420
4131,1051
4132,1224
4133,3664
4134,9135
4135,8964
4136,4119
4137,248
4138,4691
4139,5447
4140,9682
4141,6648
4142,10036
4143,1151
4144,5246
4145,5293
4146,4478
4147,9689
4148,4721
4149,8627
4150,7632
4151,1951
4152,5238
4153,7338
4154,4832
4155,2117
4156,6043
4157,9315
4158,2026
4159,7271
4160,1840
4161,395
4162,2909
4163,7003
4164,5582
4165,5124
4166,6558
4167,2353
4168,8904
4169,2201
4170,4151
4171,8341
4172,6563
4173,5147
4174,4853
4175,7850
4176,7569
4177,4543
4178,6267
4179,3130
4180,3356
4181,494
4182,4151
4183,8513
4184,2899
4185,2910
4186,5086
4187,9979
4188,3130
4189,4181
4190,5126
4191,2472
4192,3929
4193,7426
4194,4190
4195,6207
4196,1591
4197,9984
4198,5640
4199,1793
4200,1231
4201,8972
4202,7114
4203,3960
4204,8704
4205,5447
4206,2930
4207,1517
4208,4719
4209,7315
4210,5008
4211,6422
4212,4598
4213,7680
4214,8664
4215,1840
4216,6288
4217,6165
4218,5375
4219,5145
4220,10028
4221,7850
4222,5765
4223,5843
4224,6136
4225,5353
4226,6568
4227,4672
4228,7244
4229,6548
4230,1103
4231,5301
4232,1914
4233,4825
4234,7180
4235,8747
4236,7395
4237,6288
4238,1175
4239,7506
4240,4493
4241,8558
4242,6936
4243,4352
4244,987
4245,6727
4246,8721
4247,4842
4248,2892
4249,220
4250,9290
4251,2125
4252,4824
4253,2130
4254,6159
4255,3317
4256,679
4257,4899
4258,567
4259,9646
4260,992
4261,4710
4262,5543
4263,5029
4264,1725
4265,2613
4266,4304
4267,5318
4268,1050
4269,2867
4270,2066
4271,8831
4272,8704
4273,8470
4274,6851
4275,4431
4276,5640
4277,10073
4278,539
4279,7237
4280,6532
4281,9769
4282,3034
4283,1218
4284,2295
4285,5507
4286,9720
4287,7203
4288,2253
4289,6806
4290,32
4291,7238
4292,10127
4293,7195
4294,1977
4295,9183
4296,4697
4297,4151
4298,6502
4299,8602
4300,1611
4301,1258
4302,6318
4303,2930
4304,7613
4305,8850
4306,1003
4307,8774
4308,8482
4309,1103
4310,6334
4311,2844
4312,1903
4313,3145
4314,5350
4315,9737
4316,4717
4317,5180
4318,8685
4319,4664
4320,8127
4321,7131
4322,5784
4323,6474
4324,295
4325,1258
4326,4532
4327,8834
4328,5805
4329,1187
4330,6200
4331,5494
4332,10130
4333,5770
4334,3119
4335,8845
4336,3029
4337,9151
4338,4496
4339,4102
4340,2334
4341,4974
4342,8717
4343,7845
4344,3835
4345,2960
4346,291
4347,2984
4348,5897
4349,2509
4350,8506
4351,25
4352,2331
4353,6418
4354,5243
4355,1698
4356,1672
4357,3620
4358,65
4359,4114
4360,1807
4361,4962
4362,992
4363,4473
4364,9533
4365,6119
4366,1448
4367,2026
4368,2311
4369,5369
4370,15
4371,3167
4372,5256
4373,5414
4374,10036
4375,2930
4376,8392
4377,2221
4378,1209
4379,5094
4380,289
4381,7613
4382,8709
4383,6928
4384,8942
4385,3670
4386,5897
4387,10086
4388,4135
4389,1852
4390,1035
4391,9017
4392,2097
4393,8974
4394,5415
4395,2987
4396,4286
4397,8376
4398,8513
4399,1589
4400,8393
4401,2221
4402,6555
4403,1634
4404,4446
4405,9923
4406,4151
4407,4805
4408,8641
4409,10143
4410,8393
4411,1757
4412,7651
4413,6082
4414,353
4415,6280
4416,5482
4417,6543
4418,3853
4419,7475
4420,1050
4421,6688
4422,7499
4423,1708
4424,3504
4425,1137
4426,8968
4427,5449
4428,6914
4429,1559
4430,6012
4431,6340
4432,8642
4433,8485
4434,5140
4435,7386
4436,3569
4437,2791
4438,6188
4439,4493
4440,4721
4441,9192
4442,4821
4443,1844
4444,4976
4445,8964
4446,8597
4447,305
4448,4722
4449,2938
4450,10111
4451,1351
4452,2761
4453,5770
4454,2572
4455,122
4456,8443
4457,6181
4458,1696
4459,2065
4460,6182
4461,3546
4462,4561
4463,5200
4464,7932
4465,8454
4466,2791
4467,2134
4468,10028
4469,4551
4470,1062
4471,10160
4472,7349
4473,8646
4474,4853
4475,2084
4476,3383
4477,6036
4478,5794
4479,8072
4480,8365
4481,5715
4482,3398
4483,4373
4484,6311
4485,665
4486,6546
4487,844
4488,6633
4489,8826
4490,9729
4491,7450
4492,4310
4493,9984
4494,3184
4495,5427
4496,9986
4497,4035
4498,5086
4499,2996
4500,4561
4501,1154
4502,1034
4503,1770
4504,8586
4505,6036
4506,1986
4507,8727
4508,8940
4509,5549
4510,2887
4511,4715
4512,7826
4513,614
4514,10047
4515,6012
4516,9456
4517,7427
4518,562
4519,10003
4520,4028
4521,1297
4522,7719
4523,2030
4524,8562
4525,7083
4526,8313
4527,10173
4528,8549
4529,2516
4530,7716
4531,8032
4532,8482
4533,4099
4534,3912
4535,1377
4536,10010
4537,6876
4538,992
4539,1895
4540,8748
4541,8928
4542,8045
4543,3410
4544,5365
4545,1443
4546,4691
4547,4723
4548,2174
4549,4521
4550,2612
4551,3214
4552,7651
4553,3959
4554,10160
4555,8376
4556,3984
4557,8942
4558,3270
4559,1886
4560,6181
4561,9917
4562,2612
4563,4290
4564,1499
4565,9057
4566,7392
4567,6142
4568,3304
4569,4701
4570,1946
4571,6624
4572,1784
4573,8618
4574,1749
4575,1011
4576,6751
4577,8776
4578,4077
4579,9023
4580,6368
4581,9810
4582,1649
4583,397
4584,3238
4585,4628
4586,5200
4587,5161
4588,5474
4589,7186
4590,3522
4591,1585
4592,6110
4593,5369
4594,1135
4595,6100
4596,8827
4597,3853
4598,1698
4599,8663
4600,3377
4601,1810
4602,6421
4603,5549
4604,7395
4605,2190
4606,7743
4607,7361
4608,6461
4609,6286
4610,5222
4611,23
4612,9689
4613,9151
4614,1448
4615,291
4616,5883
4617,7499
4618,3896
4619,7552
4620,6675
4621,1499
4622,6198
4623,220
4624,7756
4625,5135
4626,9135
4627,2301
4628,295
4629,1569
4630,1535
4631,4824
4632,679
4633,5449
4634,7354
4635,5176
4636,2097
4637,5544
4638,9733
4639,539
4640,6857
4641,9678
4642,8825
4643,6682
4644,4238
4645,4336
4646,6482
4647,8636
4648,4035
4649,9210
4650,3376
4651,1089
4652,1061
4653,5228
4654,3490
4655,8825
4656,5161
4657,5953
4658,8710
4659,7406
4660,3895
4661,1603
4662,992
4663,9057
4664,6458
4665,5189
4666,6058
4667,5246
4668,6108
4669,10036
4670,7845
4671,6558
4672,9302
4673,3500
4674,4373
4675,8944
4676,142
4677,6986
4678,5254
4679,7335
4680,10156
4681,7151
4682,2180
4683,9979
4684,2117
4685,2296
4686,1531
4687,8208
4688,8832
4689,6955
4690,4795
4691,8485
4692,1054
4693,1322
4694,1447
4695,5078
4696,10130
4697,1471
4698,5242
4699,9818
4700,6199
4701,4137
4702,6894
4703,5246
4704,6355
4705,5416
4706,3047
4707,291
4708,4731
4709,5169
4710,4027
4711,9031
4712,4910
4713,5088
4714,3317
4715,6159
4716,3117
4717,4436
4718,4395
4719,8878
4720,2867
4721,6404
4722,2483
4723,7826
4724,2101
4725,9315
4726,2155
4727,3600
4728,4163
4729,7151
4730,5264
4731,9921
4732,9967
4733,2331
4734,8614
4735,8833
4736,2393
4737,9689
4738,395
4739,4647
4740,7850
4741,7513
4742,496
4743,1519
4744,301
4745,6397
4746,1634
4747,4119
4748,3648
4749,8562
4750,5187
4751,3480
4752,3212
4753,4702
4754,6353
4755,4620
4756,8586
4757,4872
4758,6986
4759,6449
4760,8956
4761,8562
4762,3989
4763,6145
4764,6127
4765,4782
4766,6337
4767,8208
4768,5293
4769,6645
4770,8390
4771,6256
4772,3413
4773,1580
4774,9020
4775,4876
4776,4532
4777,8826
4778,1686
4779,2612
4780,8810
4781,1204
4782,7845
4783,8682
4784,2451
4785,5042
4786,10003
4787,8761
4788,4448
4789,5341
4790,10163
4791,5640
4792,3562
4793,4236
4794,5415
4795,5239
4796,2279
4797,2111
4798,3542
4799,3643
4800,10000
4801,3438
4802,8560
4803,3962
4804,2084
4805,6547
4806,4245
4807,9689
4808,7240
4809,5007
4810,8514
4811,3029
4812,1743
4813,5193
4814,1288
4815,5905
4816,8747
4817,5221
4818,6042
4819,3762
4820,3198
4821,3762
4822,4315
4823,1714
4824,5125
4825,3620
4826,4825
4827,394
4828,2805
4829,4891
4830,2880
4831,9923
4832,3389
4833,2168
4834,6997
4835,8944
4836,4304
4837,1956
4838,3719
4839,9797
4840,7519
4841,2572
4842,6439
4843,3027
4844,8968
4845,6536
4846,1812
4847,6363
4848,9106
4849,409
4850,3357
4851,6087
4852,1371
4853,5096
4854,1128
4855,14
4856,6704
4857,6100
4858,2464
4859,7786
4860,5694
4861,6151
4862,5921
4863,2792
4864,6165
4865,7427
4866,10003
4867,7867
4868,6059
4869,7244
4870,7519
4871,8914
4872,5427
4873,8151
4874,9848
4875,7153
4876,6548
4877,10160
4878,3051
4879,8831
4880,9116
4881,4316
4882,5193
4883,8747
4884,1744
4885,8028
4886,8682
4887,8420
4888,2808
4889,9878
4890,4650
4891,122
4892,8854
4893,5428
4894,8962
4895,6198
4896,5125
4897,4863
4898,9986
4899,3994
4900,3051
4901,10036
4902,4302
4903,1711
4904,8518
4905,5507
4906,2880
4907,7439
4908,6705
4909,1489
4910,5029
4911,1446
4912,9192
4913,6637
4914,4923
4915,6385
4916,1631
4917,5551
4918,409
4919,1691
4920,3376
4921,8121
4922,10021
4923,4720
4924,6574
4925,1488
4926,6474
4927,9162
4928,6751
4929,6876
4930,9020
4931,1673
4932,2520
4933,6023
4934,1187
4935,2522
4936,5096
4937,1914
4938,9718
4939,1103
4940,1272
4941,7422
4942,9177
4943,8127
4944,1289
4945,4808
4946,1008
4947,4209
4948,9165
4949,4190
4950,1382
4951,4244
4952,9151
4953,3993
4954,6188
4955,2813
4956,6648
4957,7240
4958,6077
4959,9156
4960,2084
4961,3336
4962,5120
4963,4960
4964,4724
4965,6110
4966,5042
4967,5508
4968,1490
4969,6878
4970,9915
4971,1377
4972,10082
4973,9910
4974,9276
4975,1493
4976,2110
4977,8727
4978,8506
4979,3835
4980,8914
4981,5451
4982,1938
4983,1066
4984,4209
4985,6036
4986,9848
4987,9685
4988,6624
4989,4916
4990,3272
4991,4687
4992,3504
4993,9138
4994,8746
4995,8195
4996,6789
4997,4828
4998,1474
4999,8717
5000,8127
5001,5485
5002,2887
5003,5532
5004,1213
5005,6387
5006,8960
5007,8121
5008,5676
5009,7826
5010,4828
5011,1305
5012,10016
5013,9179
5014,2496
5015,8195
5016,6262
5017,1301
5018,8611
5019,8706
5020,9789
5021,3188
5022,3175
5023,6718
5024,1023
5025,2193
5026,10085
5027,5765
5028,1912
5029,5765
5030,6340
5031,991
5032,8676
5033,10055
5034,5029
5035,2433
5036,6318
5037,3413
5038,8733
5039,10071
5040,220
5041,8521
5042,1805
5043,9277
5044,3090
5045,9687
5046,3130
5047,1213
5048,5126
5049,5200
5050,8904
5051,2240
5052,3294
5053,5329
5054,1467
5055,6290
5056,4068
5057,9028
5058,9742
5059,3895
5060,1885
5061,6412
5062,4068
5063,4172
5064,5195
5065,2611
5066,5415
5067,6614
5068,6492
5069,10144
5070,5124
5071,6076
5072,719
5073,5283
5074,9570
5075,4315
5076,2263
5077,3449
5078,3697
5079,5504
5080,6151
5081,122
5082,7725
5083,1873
5084,6322
5085,4465
5086,8642
5087,7923
5088,3315
5089,2533
5090,2930
5091,3129
5092,5489
5093,5418
5094,9084
5095,2202
5096,4316
5097,4473
5098,2311
5099,4573
5100,5489
5101,8825
5102,4554
5103,9693
5104,1301
5105,1446
5106,5221
5107,8967
5108,1977
5109,2445
5110,4054
5111,7003
5112,2311
5113,5539
5114,2973
5115,3270
5116,1535
5117,1700
5118,1840
5119,4549
5120,2239
5121,7571
5122,5101
5123,3389
5124,4357
5125,8954
5126,7302
5127,8957
5128,545
5129,6558
5130,7924
5131,5472
5132,5094
5133,8739
5134,5922
5135,9178
5136,8831
5137,3214
5138,5694
5139,8971
5140,1993
5141,6394
5142,1443
5143,4321
5144,5287
5145,1784
5146,8820
5147,9967
5148,5911
5149,4664
5150,7120
5151,6385
5152,6292
5153,2046
5154,5391
5155,4836
5156,9678
5157,7673
5158,3410
5159,7086
5160,1874
5161,3478
5162,5932
5163,5833
5164,3317
5165,4805
5166,7271
5167,171
5168,8964
5169,5382
5170,8956
5171,395
5172,4953
5173,1066
5174,5510
5175,8776
5176,8944
5177,318
5178,5176
5179,6112
5180,5007
5181,5001
5182,2318
5183,3929
5184,4487
5185,1035
5186,6335
5187,8777
5188,8500
5189,7265
5190,5410
5191,5007
5192,6300
5193,7571
5194,6418
5195,8898
5196,2507
5197,6680
5198,6461
5199,5702
5200,4628
5201,9672
5202,7001
5203,4483
5204,8648
5205,4691
5206,6645
5207,9927
5208,5474
5209,4161
5210,10050
5211,4547
5212,6696
5213,4808
5214,7716
5215,2335
5216,85
5217,5153
5218,6365
5219,4686
5220,248
5221,8774
5222,1489
5223,9014
5224,4112
5225,8390
5226,65
5227,7153
5228,5350
5229,3407
5230,2467
5231,3681
5232,3280
5233,5960
5234,2153
5235,5263
5236,7409
5237,1912
5238,9456
5239,5008
5240,1743
5241,4521
5242,8749
5243,3681
5244,8586
5245,676
5246,3316
5247,1008
5248,5190
5249,1135
5250,2603
5251,1744
5252,1696
5253,5342
5254,4710
5255,4352
5256,481
5257,2445
5258,9843
5259,4166
5260,4070
5261,6563
5262,6994
5263,1691
5264,2173
5265,5394
5266,1137
5267,1023
5268,7114
5269,5539
5270,7354
5271,10156
5272,8867
5273,5120
5274,1639
5275,6172
5276,3134
5277,6563
5278,7760
5279,9878
5280,4236
5281,3808
5282,2125
5283,9533
5284,7923
5285,8770
5286,8419
5287,6161
5288,2892
5289,2240
5290,6100
5291,1587
5292,8636
5293,59
5294,8428
5295,2307
5296,7001
5297,6367
5298,679
5299,8380
5300,5222
5301,9151
5302,5510
5303,9742
5304,6576
5305,4168
5306,1749
5307,1914
5308,3328
5309,9165
5310,4944
5311,5428
5312,403
5313,1272
5314,8641
5315,8972
5316,3993
5317,1301
5318,2509
5319,6137
5320,8693
5321,5235
5322,7450
5323,2610
5324,3648
5325,9017
5326,2301
5327,7384
5328,3231
5329,4137
5330,7066
5331,3214
5332,9057
5333,6012
5334,1660
5335,9026
5336,5896
5337,8072
5338,8876
5339,1088
5340,1559
5341,7243
5342,2805
5343,122
5344,8827
5345,147
5346,2073
5347,3410
5348,1103
5349,8702
5350,5760
5351,6364
5352,8879
5353,363
5354,2546
5355,492
5356,1538
5357,5246
5358,8979
5359,6198
5360,3278
5361,8693
5362,2061
5363,6324
5364,7114
5365,1714
5366,4061
5367,8098
5368,4164
5369,10036
5370,1061
5371,7632
5372,1496
5373,1383
5374,1435
5375,4421
5376,7083
5377,3195
5378,3501
5379,1368
5380,8412
5381,5221
5382,6266
5383,7243
5384,8856
5385,5638
5386,679
5387,1672
5388,499
5389,5180
5390,6681
5391,6367
5392,10050
5393,4988
5394,918
5395,659
5396,2820
5397,5073
5398,6036
5399,6439
5400,10070
5401,8964
5402,3929
5403,7641
5404,8427
5405,2335
5406,1649
5407,7399
5408,6811
5409,5694
5410,7237
5411,17
5412,4715
5413,6682
5414,3788
5415,5529
5416,2507
5417,2808
5418,1805
5419,6386
5420,8705
5421,8365
5422,8663
5423,8586
5424,9794
5425,3386
5426,5161
5427,6803
5428,10157
5429,5512
5430,5001
5431,1956
5432,3231
5433,6316
5434,4028
5435,10132
5436,8642
5437,6422
5438,4532
5439,3329
5440,4987
5441,1524
5442,8638
5443,5488
5444,1011
5445,4220
5446,1051
5447,2349
5448,6344
5449,2516
5450,8989
5451,9011
5452,6100
5453,9570
5454,2307
5455,7569
5456,6877
5457,6214
5458,8702
5459,2182
5460,9918
5461,8469
5462,9915
5463,4431
5464,3304
5465,9886
5466,8286
5467,6449
5468,5640
5469,8195
5470,9155
5471,6298
5472,2353
5473,8942
5474,5451
5475,7499
5476,5537
5477,6987
5478,6181
5479,5703
5480,2899
5481,3670
5482,9150
5483,4306
5484,3377
5485,4048
5486,4527
5487,10086
5488,5551
5489,6361
5490,494
5491,6420
5492,4724
5493,9601
5494,3706
5495,8446
5496,10159
5497,1228
5498,5126
5499,8939
5500,6308
5501,3980
5502,8685
5503,10132
5504,6662
5505,1213
5506,8812
5507,5093
5508,8967
5509,2483
5510,6403
5511,7384
5512,3129
5513,3037
5514,82
5515,3600
5516,8928
5517,4293
5518,10086
5519,7094
5520,1711
5521,7119
5522,5020
5523,8882
5524,8638
5525,1287
5526,6305
5527,8646
5528,305
5529,10003
5530,3119
5531,6417
5532,8817
5533,1224
5534,4562
5535,1960
5536,9210
5537,2110
5538,5341
5539,9106
5540,5903
5541,6042
5542,6422
5543,4582
5544,3847
5545,1565
5546,4521
5547,5922
5548,7315
5549,1743
5550,3705
5551,975
5552,7371
5553,1581
5554,6806
5555,1384
5556,7449
5557,6562
5558,7302
5559,3364
5560,1245
5561,9987
5562,3305
5563,3847
5564,4068
5565,3022
5566,6714
5567,1033
5568,5928
5569,1912
5570,2509
5571,2006
5572,4650
5573,2573
5574,8822
5575,2588
5576,6994
5577,5007
5578,7320
5579,192
5580,3317
5581,1725
5582,7138
5583,8667
5584,4834
5585,8708
5586,2429
5587,4114
5588,6574
5589,395
5590,8905
5591,5042
5592,6318
5593,9023
5594,1815
5595,6207
5596,8023
5597,6128
5598,5182
5599,9137
5600,8208
5601,6585
5602,318
5603,1014
5604,8514
5605,9277
5606,6155
5607,4165
5608,5530
5609,4357
5610,6182
5611,9769
5612,6236
5613,10023
5614,5281
5615,9927
5616,3546
5617,9848
5618,6136
5619,6256
5620,3895
5621,6679
5622,2314
5623,1842
5624,1686
5625,5120
5626,3203
5627,1272
5628,305
5629,9720
5630,303
5631,8045
5632,6023
5633,10028
5634,303
5635,9685
5636,3338
5637,8513
5638,1370
5639,5342
5640,988
5641,6806
5642,2461
5643,4852
5644,6596
5645,3014
5646,1393
5647,8957
5648,5382
5649,305
5650,5549
5651,9341
5652,8979
5653,6658
5654,7449
5655,7244
5656,8956
5657,7424
5658,4924
5659,7361
5660,8112
5661,4991
5662,2125
5663,4923
5664,4951
5665,220
5666,9040
5667,3699
5668,9288
5669,2819
5670,3067
5671,5369
5672,1448
5673,5176
5674,800
5675,7070
5676,8810
5677,5122
5678,9039
5679,1489
5680,7406
5681,8956
5682,4601
5683,1395
5684,5451
5685,4518
5686,2044
5687,114
5688,6354
5689,4465
5690,7178
5691,1588
5692,1809
5693,2810
5694,1468
5695,403
5696,2823
5697,1675
5698,1293
5699,4263
5700,3826
5701,7460
5702,4516
5703,1136
5704,3279
5705,2270
5706,1807
5707,7360
5708,1498
5709,3864
5710,3022
5711,2373
5712,9733
5713,1877
5714,10070
5715,7186
5716,2180
5717,4441
5718,1089
5719,1809
5720,4601
5721,1755
5722,2471
5723,1544
5724,3028
5725,2762
5726,3397
5727,4049
5728,4560
5729,3111
5730,3255
5731,4699
5732,1468
5733,10047
5734,2279
5735,4701
5736,4991
5737,3508
5738,8971
5739,1324
5740,2572
5741,2393
5742,1544
5743,4149
5744,1708
5745,1755
5746,1673
5747,1032
5748,4474
5749,4740
5750,2044
5751,2303
5752,539
5753,1498
5754,2044
5755,1651
5756,2153
5757,1696
5758,1440
5759,4601
5760,1722
5761,8831
5762,1884
5763,1059
5764,4950
5765,1089
5766,2348
5767,1587
5768,1090
5769,1999
5770,1032
5771,9031
5772,1415
5773,2762
5774,2122
5775,3033
5776,4558
5777,2182
5778,2044
5779,4263
5780,2155
5781,1293
5782,2180
5783,4017
5784,2034
5785,3826
5786,1631
5787,2467
5788,3211
5789,4740
5790,6288
5791,2303
5792,2758
5793,1651
5794,2374
5795,3681
5796,1934
5797,3040
5798,1590
5799,4516
5800,3508
5801,1090
5802,1090
5803,4527
5804,1903
5805,3227
5806,4242
5807,2167
5808,3524
5809,2496
5810,2288
5811,6136
5812,10055
5813,650
5814,1044
5815,6290
5816,2846
5817,4643
5818,3912
5819,1691
5820,1324
5821,1698
5822,209
5823,1642
5824,1411
5825,10070
5826,7336
5827,4076
5828,1044
5829,5369
5830,1324
5831,2034
5832,4911
5833,1625
5834,1154
5835,8313
5836,4696
5837,3755
5838,986
5839,3113
5840,1755
5841,1443
5842,4213
5843,3661
5844,2599
5845,1090
5846,3111
5847,468
5848,2110
5849,650
5850,4183
5851,953
5852,4699
5853,2182
5854,3040
5855,4669
5856,4518
5857,4302
5858,3330
5859,1415
5860,3315
5861,3227
5862,10143
5863,3140
5864,4911
5865,1326
5866,2279
5867,3397
5868,4863
5869,8898
5870,1136
5871,2167
5872,56
5873,510
5874,3817
5875,1877
5876,1037
5877,2393
5878,4210
5879,1713
5880,1569
5881,2758
5882,8560
5883,8602
5884,3508
5885,2054
5886,1641
5887,1201
5888,1136
5889,142
5890,1164
5891,4210
5892,6136
5893,1440
5894,1713
5895,9685
5896,3490
5897,9789
5898,1089
5899,8707
5900,3212
5901,4712
5902,1625
5903,4493
5904,209
5905,4670
5906,3117
5907,4139
5908,4204
5909,1582
5910,2467
5911,4518
5912,4453
5913,2393
5914,192
5915,3098
5916,3157
5917,1198
5918,4077
5919,4055
5920,4030
5921,4699
5922,1713
5923,4643
5924,499
5925,4302
5926,4773
5927,1938
5928,1302
5929,4423
5930,6400
5931,2496
5932,1519
5933,1664
5934,4110
5935,3524
5936,10095
5937,3490
5938,4706
5939,1151
5940,6645
5941,3081
5942,1059
5943,1154
5944,1590
5945,1625
5946,3864
5947,10003
5948,8496
5949,2141
5950,2111
5951,8241
5952,56
5953,4834
5954,2097
5955,1708
5956,10073
5957,4311
5958,5147
5959,3864
5960,1032
5961,9698
5962,1455
5963,4465
5964,1037
5965,3407
5966,2843
5967,2373
5968,2884
5969,4602
5970,2180
5971,209
5972,1027
5973,2899
5974,2180
5975,4773
5976,1589
5977,2758
5978,4263
5979,2261
5980,4537
5981,8621
5982,9073
5983,3901
5984,1641
5985,7067
5986,9456
5987,10143
5988,4049
5989,1807
5990,1884
5991,5729
5992,2547
5993,1877
5994,6198
5995,5866
5996,4670
5997,1035
5998,7159
5999,562
6000,6199
6001,4423
6002,3111
6003,3317
6004,4696
6005,2348
6006,114
6007,9073
6008,1395
6009,1755
6010,1809
6011,2790
6012,2087
6013,1812
6014,4030
6015,5549
6016,2167
6017,468
6018,1708
6019,1411
6020,4518
6021,7256
6022,1877
6023,1641
6024,1032
6025,3182
6026,5866
6027,4139
6028,1059
6029,1411
6030,2562
6031,3113
6032,10095
6033,4423
6034,1877
6035,4423
6036,8733
6037,1468
6038,4516
6039,2599
6040,1689
6041,2246
6042,1043
6043,1415
6044,1840
6045,1967
6046,1908
6047,3134
6048,5938
6049,1302
6050,7716
6051,3496
6052,4911
6053,2180
6054,4183
6055,2122
6056,6142
6057,1519
6058,3157
6059,1884
6060,2087
6061,10090
6062,1498
6063,3508
6064,1440
6065,4518
6066,3111
6067,3397
6068,4911
6069,1291
6070,2122
6071,3886
6072,2790
6073,5774
6074,7159
6075,8313
6076,2496
6077,2411
6078,3157
6079,3440
6080,1590
6081,2270
6082,2973
6083,10143
6084,4601
6085,4516
6086,2221
6087,4147
6088,7450
6089,2461
6090,3768
6091,1291
6092,4583
6093,2067
6094,1542
6095,4312
6096,4580
6097,1639
6098,4706
6099,3619
6100,8365
6101,8985
6102,10156
6103,4204
6104,4276
6105,4372
6106,9950
6107,1625
6108,735
6109,1715
6110,2884
6111,2467
6112,978
6113,6137
6114,2981
6115,2087
6116,3134
6117,1468
6118,4699
6119,1625
6120,8728
6121,3084
6122,2373
6123,1302
6124,5508
6125,3811
6126,4388
6127,2467
6128,5539
6129,3140
6130,2182
6131,4712
6132,2122
6133,4213
6134,4183
6135,2373
6136,2034
6137,9138
6138,417
6139,1708
6140,4261
6141,1306
6142,17
6143,4423
6144,2546
6145,4706
6146,1018
6147,985
6148,1603
6149,1588
6150,1324
6151,1136
6152,3330
6153,4465
6154,3134
6155,1198
6156,1544
6157,2348
6158,8974
6159,1474
6160,1675
6161,4346
6162,4643
6163,4518
6164,3181
6165,3047
6166,3211
6167,4465
6168,2119
6169,7422
6170,4712
6171,2810
6172,4263
6173,8682
6174,1498
6175,1415
6176,3140
6177,1544
6178,1302
6179,3134
6180,2020
6181,3397
6182,4276
6183,2758
6184,4263
6185,6043
6186,3857
6187,209
6188,1589
6189,1291
6190,3440
6191,2987
6192,4114
6193,1914
6194,4465
6195,3037
6196,2823
6197,2373
6198,4643
6199,2523
6200,3315
6201,3166
6202,1035
6203,1498
6204,4516
6205,1164
6206,7756
6207,1713
6208,56
6209,9456
6210,1807
6211,4861
6212,3397
6213,3330
6214,1722
6215,1967
6216,3316
6217,4077
6218,8912
6219,1999
6220,3556
6221,3397
6222,4311
6223,7360
6224,4372
6225,4017
6226,2034
6227,7067
6228,9979
6229,1715
6230,3857
6231,1188
6232,1675
6233,2899
6234,3181
6235,235
6236,9014
6237,4805
6238,5126
6239,4213
6240,4077
6241,3117
6242,3117
6243,1210
6244,3508
6245,4562
6246,2461
6247,1293
6248,1587
6249,403
6250,1631
6251,5253
6252,4474
6253,2484
6254,4518
6255,2122
6256,2471
6257,2496
6258,719
6259,1873
6260,2843
6261,1037
6262,2884
6263,3140
6264,4580
6265,5901
6266,1337
6267,10055
6268,2167
6269,1927
6270,2884
6271,2523
6272,1140
6273,3211
6274,4669
6275,4183
6276,1198
6277,1642
6278,1675
6279,2973
6280,4487
6281,4474
6282,3941
6283,3047
6284,3140
6285,2153
6286,1713
6287,4696
6288,3211
6289,349
6290,499
6291,2087
6292,4601
6293,2471
6294,1272
6295,3864
6296,1164
6297,6322
6298,2263
6299,1807
6300,3330
6301,4263
6302,3508
6303,235
6304,1050
6305,6044
6306,468
6307,3157
6308,4460
6309,4204
6310,1651
6311,499
6312,4055
6313,4183
6314,5311
6315,2393
6316,4372
6317,4555
6318,2246
6319,4696
6320,3211
6321,4458
6322,4460
6323,3480
6324,3782
6325,2087
6326,114
6327,5228
6328,3826
6329,4555
6330,5035
6331,2348
6332,4030
6333,9297
6334,4555
6335,2020
6336,1318
6337,7407
6338,1875
6339,5252
6340,8827
6341,5760
6342,5276
6343,5072
6344,5224
6345,5840
6346,5169
6347,6195
6348,9808
6349,4931
6350,8966
6351,8499
6352,9086
6353,7488
6354,6973
6355,7192
6356,2168
6357,5007
6358,6195
6359,10003
6360,10132
6361,8786
6362,7883
6363,5567
6364,8965
6365,5246
6366,10001
6367,6195
6368,6999
6369,5987
6370,5426
6371,9843
6372,7282
6373,9149
6374,6301
6375,7567
6376,9256
6377,9456
6378,8241
6379,2173
6380,5474
6381,8659
6382,9983
6383,6421
6384,7824
6385,6708
6386,7438
6387,8659
6388,8789
6389,10062
6390,9102
6391,7004
6392,6177
6393,7360
6394,7081
6395,6447
6396,5158
6397,6370
6398,2111
6399,7002
6400,8726
6401,6407
6402,5911
6403,8365
6404,5840
6405,8572
6406,9929
6407,8406
6408,6219
6409,6472
6410,5489
6411,1542
6412,10132
6413,6741
6414,6857
6415,9570
6416,9456
6417,2173
6418,7910
6419,8098
6420,1672
6421,7002
6422,5444
6423,5027
6424,6936
6425,1153
6426,9685
6427,5132
6428,3701
6429,8390
6430,8853
6431,5748
6432,5663
6433,7396
6434,3782
6435,9713
6436,7460
6437,6080
6438,6324
6439,9768
6440,4462
6441,8420
6442,9864
6443,8945
6444,6886
6445,6080
6446,9162
6447,2547
6448,10083
6449,8989
6450,5148
6451,6177
6452,4943
6453,8355
6454,3400
6455,9841
6456,7206
6457,9841
6458,3886
6459,8355
6460,5170
6461,7362
6462,8771
6463,8789
6464,8771
6465,8241
6466,7378
6467,5146
6468,5447
6469,9761
6470,5536
6471,6343
6472,5902
6473,9737
6474,6920
6475,5536
6476,5252
6477,8446
6478,6567
6479,7095
6480,8793
6481,5799
6482,9983
6483,567
6484,6958
6485,6472
6486,10102
6487,7206
6488,7378
6489,9739
6490,9768
6491,9276
6492,8657
6493,7193
6494,5328
6495,8853
6496,7443
6497,8789
6498,5228
6499,8709
6500,7200
6501,9962
6502,1440
6503,9769
6504,4992
6505,7245
6506,5768
6507,5113
6508,5253
6509,6421
6510,3912
6511,7548
6512,3817
6513,5987
6514,3383
6515,7358
6516,8495
6517,6172
6518,8664
6519,7883
6520,3929
6521,9841
6522,5774
6523,6187
6524,5620
6525,7192
6526,9807
6527,1440
6528,5770
6529,7358
6530,5061
6531,8245
6532,7378
6533,9192
6534,2860
6535,5158
6536,8736
6537,3188
6538,6726
6539,8446
6540,5676
6541,8611
6542,4824
6543,4701
6544,6857
6545,8789
6546,8659
6547,6857
6548,8954
6549,5093
6550,10157
6551,6454
6552,9275
6553,6886
6554,9194
6555,5426
6556,7548
6557,9275
6558,8789
6559,5676
6560,10096
6561,5281
6562,5298
6563,5520
6564,6676
6565,6575
6566,6190
6567,9739
6568,567
6569,5224
6570,5128
6571,4571
6572,4863
6573,6407
6574,8395
6575,6846
6576,8728
6577,9149
6578,4290
6579,2908
6580,7910
6581,5799
6582,8912
6583,10102
6584,6344
6585,8621
6586,9678
6587,4219
6588,9246
6589,9769
6590,9798
6591,9057
6592,4441
6593,5620
6594,2086
6595,9902
6596,10144
6597,7397
6598,2790
6599,6741
6600,7397
6601,8861
6602,8496
6603,6283
6604,5549
6605,5223
6606,6184
6607,6703
6608,8495
6609,7548
6610,6090
6611,8495
6612,6677
6613,6677
6614,7087
6615,7569
6616,9128
6617,6135
6618,8611
6619,8657
6620,8355
6621,8771
6622,5354
6623,9917
6624,9102
6625,9714
6626,5185
6627,5298
6628,6370
6629,7307
6630,3705
6631,6789
6632,4054
6633,1270
6634,8625
6635,6081
6636,5620
6637,5966
6638,7395
6639,8945
6640,492
6641,9102
6642,9739
6643,8709
6644,6650
6645,9841
6646,8985
6647,5471
6648,9798
6649,9737
6650,2316
6651,8709
6652,7245
6653,5563
6654,8963
6655,5536
6656,6135
6657,8771
6658,5953
6659,5786
6660,5545
6661,5966
6662,7824
6663,6741
6664,5431
6665,8572
6666,9812
6667,6135
6668,5444
6669,9714
6670,10132
6671,6135
6672,6090
6673,6286
6674,5252
6675,6411
6676,4054
6677,4612
6678,6809
6679,7307
6680,7439
6681,5325
6682,9014
6683,7294
6684,1368
6685,4139
6686,3962
6687,8313
6688,1537
6689,7867
6690,9917
6691,9789
6692,7200
6693,7596
6694,5464
6695,9917
6696,10086
6697,7095
6698,5620
6699,8777
6700,7246
6701,5084
6702,8936
6703,5224
6704,6267
6705,7439
6706,9276
6707,10102
6708,2433
6709,1560
6710,1359
6711,10042
6712,2516
6713,8625
6714,6411
6715,6726
6716,7567
6717,7867
6718,3521
6719,9162
6720,7883
6721,9728
6722,5301
6723,2483
6724,7449
6725,8786
6726,8406
6727,5126
6728,2987
6729,6824
6730,10006
6731,7510
6732,6823
6733,5585
6734,5770
6735,8098
6736,5093
6737,1743
6738,3469
6739,5567
6740,5519
6741,6726
6742,6351
6743,8974
6744,8965
6745,9728
6746,5433
6747,8717
6748,4872
6749,8355
6750,10062
6751,5084
6752,7206
6753,1805
6754,5676
6755,8965
6756,5325
6757,5444
6758,9807
6759,6387
6760,7901
6761,3714
6762,10062
6763,7307
6764,6992
6765,5084
6766,8847
6767,2055
6768,7407
6769,8519
6770,8495
6771,6194
6772,9073
6773,1279
6774,7395
6775,5338
6776,6936
6777,6225
6778,7360
6779,6080
6780,8822
6781,8495
6782,8468
6783,6703
6784,5431
6785,5563
6786,4981
6787,9917
6788,9807
6789,5545
6790,5178
6791,9807
6792,8787
6793,8861
6794,6080
6795,5113
6796,10108
6797,7510
6798,6726
6799,8726
6800,7707
6801,6195
6802,7371
6803,6809
6804,6074
6805,5042
6806,5613
6807,5888
6808,3203
6809,7607
6810,6284
6811,6857
6812,5170
6813,7159
6814,5226
6815,9864
6816,5354
6817,1749
6818,5224
6819,10070
6820,9031
6821,8882
6822,5253
6823,539
6824,5620
6825,5223
6826,8963
6827,9874
6828,5223
6829,5760
6830,2296
6831,5128
6832,6958
6833,5840
6834,5328
6835,9874
6836,9874
6837,9014
6838,6286
6839,7407
6840,5663
6841,5520
6842,8963
6843,5035
6844,7533
6845,6809
6846,5072
6847,5226
6848,9256
6849,5570
6850,7395
6851,6958
6852,8963
6853,4934
6854,5444
6855,8825
6856,9929
6857,1877
6858,6288
6859,8793
6860,8521
6861,2612
6862,5471
6863,8496
6864,5281
6865,6399
6866,6399
6867,5354
6868,4821
6869,6290
6870,6399
6871,5008
6872,8406
6873,7760
6874,10132
6875,8420
6876,7488
6877,8777
6878,5570
6879,5457
6880,6370
6881,5620
6882,10095
6883,9929
6884,8480
6885,6324
6886,5298
6887,6999
6888,614
6889,5100
6890,5581
6891,2155
6892,1258
6893,6708
6894,5169
6895,6454
6896,10156
6897,9689
6898,6305
6899,8944
6900,9086
6901,8521
6902,2111
6903,8630
6904,8861
6905,5946
6906,8446
6907,7438
6908,9841
6909,8793
6910,5226
6911,6284
6912,7407
6913,8793
6914,7607
6915,10108
6916,10025
6917,5966
6918,6789
6919,10108
6920,10157
6921,8621
6922,7256
6923,6190
6924,6230
6925,7910
6926,7760
6927,10108
6928,8611
6929,8611
6930,9798
6931,5320
6932,5161
6933,8736
6934,5128
6935,9921
6936,7439
6937,5457
6938,6809
6939,2111
6940,2496
6941,6494
6942,8774
6943,5423
6944,7910
6945,6726
6946,10010
6947,5876
6948,5966
6949,8621
6950,5252
6951,7707
6952,8715
6953,7397
6954,9276
6955,9152
6956,7548
6957,5035
6958,7395
6959,9713
6960,9713
6961,6230
6962,8245
6963,6745
6964,7680
6965,5433
6966,5770
6967,5370
6968,6090
6969,4166
6970,4910
6971,5100
6972,6172
6973,1423
6974,9086
6975,9769
6976,9275
6977,7002
6978,8757
6979,5226
6980,5457
6981,5966
6982,6194
6983,7282
6984,8164
6985,4114
6986,5570
6987,6973
6988,7796
6989,7378
6990,10025
6991,10001
6992,6824
6993,3697
6994,9276
6995,10082
6996,7719
6997,9194
6998,7360
6999,8771
7000,8965
7001,9086
7002,8845
7003,7439
7004,6494
7005,8789
7006,10062
7007,10077
7008,5223
7009,5570
7010,7237
7011,5799
7012,8717
7013,4554
7014,4441
7015,8288
7016,6814
7017,3664
7018,6267
7019,4741
7020,1582
7021,8355
7022,2562
7023,5252
7024,6708
7025,8931
7026,7429
7027,9086
7028,8789
7029,4998
7030,9073
7031,6472
7032,5446
7033,8736
7034,8672
7035,7395
7036,8833
7037,6472
7038,7397
7039,5888
7040,6726
7041,7396
7042,9178
7043,5570
7044,6567
7045,6846
7046,10001
7047,3984
7048,10082
7049,8853
7050,9798
7051,7192
7052,9680
7053,5431
7054,5676
7055,3410
7056,7087
7057,5760
7058,2119
7059,5760
7060,10025
7061,6194
7062,3029
7063,7567
7064,7072
7065,6090
7066,9768
7067,8495
7068,8563
7069,8709
7070,8717
7071,8962
7072,8420
7073,7192
7074,5072
7075,5426
7076,8412
7077,2155
7078,9256
7079,1448
7080,6411
7081,9149
7082,7087
7083,6424
7084,9086
7085,6190
7086,5042
7087,6194
7088,9086
7089,6814
7090,8446
7091,7193
7092,5570
7093,992
7094,8940
7095,5447
7096,5563
7097,5888
7098,5224
7099,7073
7100,8621
7101,6290
7102,6194
7103,9926
7104,5426
7105,5256
7106,6407
7107,9739
7108,3501
7109,5218
7110,9098
7111,10047
7112,5218
7113,7867
7114,8636
7115,9165
7116,8611
7117,3664
7118,7443
7119,6172
7120,8931
7121,5888
7122,5328
7123,10102
7124,6703
7125,7200
7126,7193
7127,2613
7128,5897
7129,6814
7130,6267
7131,6177
7132,8715
7133,6417
7134,2509
7135,8611
7136,7282
7137,7422
7138,6454
7139,6195
7140,4219
7141,8945
7142,8951
7143,6267
7144,5570
7145,5148
7146,5840
7147,9456
7148,7488
7149,8572
7150,7397
7151,6650
7152,5325
